Provider,4x8,8x16,16x32
eks,0.17,0.34,0.68   
google,0.194236,0.388472,0.776944
e2,0.13402,0.268024,0.536048
c2,0.2088,0.4176,0.8352
