Provider,4x8,8x16,16x32
eks,0.17,0.34,1.68   
google,0.194236,0.388472,0.776944