Provider,4x8,8x16,16x32
eks,0.344,0.688,1.376   
google,0.194236,0.388472,0.776944