Run,Cloud,Job Conf,Workflow,History,Inputs,Tool,Tool Version,State,Slots,Memory,Runtime (Sec),CPU,Memory Limit (Bytes),Memory Max usage (Bytes)
0,js2,4x8,99858126694062b2,eb4c5cff086aece6,SRR592109_2.fastq.gz,bwa_mem,0.7.17.1,ok,4.0000000,8000.0000000,200.0000000,767788201483.0000000,8000000000.0000000,7999369216.0000000
0,js2,4x8,99858126694062b2,eb4c5cff086aece6,SRR592109_2.fastq.gz,stringtie,2.1.1,ok,4.0000000,8000.0000000,20.0000000,56676174622.0000000,8000000000.0000000,29253632.0000000
0,js2,4x8,99858126694062b2,eb4c5cff086aece6,SRR592109_2.fastq.gz,bwa,0.7.17.4,ok,4.0000000,8000.0000000,395.0000000,1320927293408.0000000,8000000000.0000000,7999311872.0000000
0,js2,4x8,99858126694062b2,eb4c5cff086aece6,SRR592109_2.fastq.gz,bowtie2,2.4.2+galaxy0,ok,4.0000000,8000.0000000,216.0000000,803660365490.0000000,8000000000.0000000,5544845312.0000000
0,js1,4x8,5706f1fd443621c1,eb51cc7e9d174809,SRR592109_2.fastq.gz,bwa_mem,0.7.17.1,ok,4.0000000,8000.0000000,397.0000000,1182788712832.0000000,8000000000.0000000,7999229952.0000000
0,js1,4x8,5706f1fd443621c1,eb51cc7e9d174809,SRR592109_2.fastq.gz,bowtie2,2.4.2+galaxy0,ok,4.0000000,8000.0000000,782.0000000,961053102419.0000000,8000000000.0000000,4912742400.0000000
0,js2,4x8,99858126694062b2,eb4c5cff086aece6,SRR592109_2.fastq.gz,hisat2,2.1.0+galaxy7,ok,4.0000000,8000.0000000,126.0000000,143302412654.0000000,8000000000.0000000,7713861632.0000000
